{
  "DYJetsToLL_M-10to50_TuneCUETP8M1_13TeV-amcatnloFXFX-pythia8-2016": {
    "eff": 22218281.0, 
    "neg": 4158657.0, 
    "negfrac": 0.13619046886101285, 
    "pos": 26376938.0, 
    "sum": 30535595.0, 
    "weighted": 920784329073.4688
  }, 
  "DYJetsToLL_M-10to50_TuneCUETP8M1_13TeV-amcatnloFXFX-pythia8-ext1-2016": {
    "eff": 29374008.0, 
    "neg": 5495113.0, 
    "negfrac": 0.1361381712334737, 
    "pos": 34869121.0, 
    "sum": 40364234.0, 
    "weighted": 1217336847039.1758
  }, 
  "DYJetsToLL_M-50_TuneCUETP8M1_13TeV-amcatnloFXFX-pythia8-ext2-2016": {
    "eff": 79648634.0, 
    "neg": 19611360.0, 
    "negfrac": 0.1649796972952794, 
    "pos": 99259994.0, 
    "sum": 118871354.0, 
    "weighted": 1867104562364.0
  }, 
  "HeavyNeutrino_lljj_M-10_V-0_000208566536146_mu_Dirac_Moriond17_aug2018_miniAODv3-2016": {
    "eff": 249936.0, 
    "neg": 32.0, 
    "negfrac": 0.000128, 
    "pos": 249968.0, 
    "sum": 250000.0, 
    "weighted": 249936.0
  }, 
  "HeavyNeutrino_lljj_M-10_V-0_00107238052948_mu_Dirac_Moriond17_aug2018_miniAODv3-2016": {
    "eff": 171952.0, 
    "neg": 24.0, 
    "negfrac": 0.00013953488372093022, 
    "pos": 171976.0, 
    "sum": 172000.0, 
    "weighted": 171952.0
  }, 
  "HeavyNeutrino_lljj_M-10_V-0_00112249721603_mu_Dirac_Moriond17_aug2018_miniAODv3-2016": {
    "eff": 229936.0, 
    "neg": 32.0, 
    "negfrac": 0.00013913043478260868, 
    "pos": 229968.0, 
    "sum": 230000.0, 
    "weighted": 229936.0
  }, 
  "HeavyNeutrino_lljj_M-15_V-3_02158898595e-05_mu_Dirac_Moriond17_aug2018_miniAODv3-2016": {
    "eff": 149966.0, 
    "neg": 17.0, 
    "negfrac": 0.00011333333333333333, 
    "pos": 149983.0, 
    "sum": 150000.0, 
    "weighted": 149966.0
  }, 
  "HeavyNeutrino_lljj_M-15_V-6_76017751246e-05_mu_Dirac_Moriond17_aug2018_miniAODv3-2016": {
    "eff": 149968.0, 
    "neg": 16.0, 
    "negfrac": 0.00010666666666666667, 
    "pos": 149984.0, 
    "sum": 150000.0, 
    "weighted": 149968.0
  }, 
  "HeavyNeutrino_lljj_M-1_V-0_13416407865_mu_Dirac_Moriond17_aug2018_miniAODv3-2016": {
    "eff": 137974.0, 
    "neg": 13.0, 
    "negfrac": 9.420289855072463e-05, 
    "pos": 137987.0, 
    "sum": 138000.0, 
    "weighted": 137974.0
  }, 
  "HeavyNeutrino_lljj_M-1_V-0_300333148354_mu_Dirac_Moriond17_aug2018_miniAODv3-2016": {
    "eff": 149970.0, 
    "neg": 15.0, 
    "negfrac": 0.0001, 
    "pos": 149985.0, 
    "sum": 150000.0, 
    "weighted": 149970.0
  }, 
  "HeavyNeutrino_lljj_M-20_V-1_22474487139e-05_mu_Dirac_Moriond17_aug2018_miniAODv3-2016": {
    "eff": 149968.0, 
    "neg": 16.0, 
    "negfrac": 0.00010666666666666667, 
    "pos": 149984.0, 
    "sum": 150000.0, 
    "weighted": 149968.0
  }, 
  "HeavyNeutrino_lljj_M-20_V-2_73495886624e-05_mu_Dirac_Moriond17_aug2018_miniAODv3-2016": {
    "eff": 149968.0, 
    "neg": 16.0, 
    "negfrac": 0.00010666666666666667, 
    "pos": 149984.0, 
    "sum": 150000.0, 
    "weighted": 149968.0
  }, 
  "HeavyNeutrino_lljj_M-2_V-0_00244948974278_mu_Dirac_Moriond17_aug2018_miniAODv3-2016": {
    "eff": 5000.0, 
    "neg": 0.0, 
    "negfrac": 0.0, 
    "pos": 5000.0, 
    "sum": 5000.0, 
    "weighted": 5000.0
  }, 
  "HeavyNeutrino_lljj_M-2_V-0_00282842712475_mu_Dirac_Moriond17_aug2018_miniAODv3-2016": {
    "eff": 4998.0, 
    "neg": 1.0, 
    "negfrac": 0.0002, 
    "pos": 4999.0, 
    "sum": 5000.0, 
    "weighted": 4998.0
  }, 
  "HeavyNeutrino_lljj_M-2_V-0_00316227766017_mu_Dirac_Moriond17_aug2018_miniAODv3-2016": {
    "eff": 5000.0, 
    "neg": 0.0, 
    "negfrac": 0.0, 
    "pos": 5000.0, 
    "sum": 5000.0, 
    "weighted": 5000.0
  }, 
  "HeavyNeutrino_lljj_M-2_V-0_004472135955_mu_Dirac_Moriond17_aug2018_miniAODv3-2016": {
    "eff": 4996.0, 
    "neg": 2.0, 
    "negfrac": 0.0004, 
    "pos": 4998.0, 
    "sum": 5000.0, 
    "weighted": 4996.0
  }, 
  "HeavyNeutrino_lljj_M-2_V-0_00547722557505_mu_Dirac_Moriond17_aug2018_miniAODv3-2016": {
    "eff": 4998.0, 
    "neg": 1.0, 
    "negfrac": 0.0002, 
    "pos": 4999.0, 
    "sum": 5000.0, 
    "weighted": 4998.0
  }, 
  "HeavyNeutrino_lljj_M-2_V-0_00707106781187_mu_Dirac_Moriond17_aug2018_miniAODv3-2016": {
    "eff": 4998.0, 
    "neg": 1.0, 
    "negfrac": 0.0002, 
    "pos": 4999.0, 
    "sum": 5000.0, 
    "weighted": 4998.0
  }, 
  "HeavyNeutrino_lljj_M-2_V-0_00836660026534_mu_Dirac_Moriond17_aug2018_miniAODv3-2016": {
    "eff": 94982.0, 
    "neg": 9.0, 
    "negfrac": 9.473684210526316e-05, 
    "pos": 94991.0, 
    "sum": 95000.0, 
    "weighted": 94982.0
  }, 
  "HeavyNeutrino_lljj_M-2_V-0_0137840487521_mu_Dirac_Moriond17_aug2018_miniAODv3-2016": {
    "eff": 149970.0, 
    "neg": 15.0, 
    "negfrac": 0.0001, 
    "pos": 149985.0, 
    "sum": 150000.0, 
    "weighted": 149970.0
  }, 
  "HeavyNeutrino_lljj_M-2_V-0_0157162336455_mu_Dirac_Moriond17_aug2018_miniAODv3-2016": {
    "eff": 124984.0, 
    "neg": 13.0, 
    "negfrac": 0.00010399168066554675, 
    "pos": 124997.0, 
    "sum": 125010.0, 
    "weighted": 124984.0
  }, 
  "HeavyNeutrino_lljj_M-2_V-0_01_mu_Dirac_Moriond17_aug2018_miniAODv3-2016": {
    "eff": 4998.0, 
    "neg": 1.0, 
    "negfrac": 0.0002, 
    "pos": 4999.0, 
    "sum": 5000.0, 
    "weighted": 4998.0
  }, 
  "HeavyNeutrino_lljj_M-2_V-0_0307896086367_mu_Dirac_Moriond17_aug2018_miniAODv3-2016": {
    "eff": 125974.0, 
    "neg": 13.0, 
    "negfrac": 0.00010317460317460317, 
    "pos": 125987.0, 
    "sum": 126000.0, 
    "weighted": 125974.0
  }, 
  "HeavyNeutrino_lljj_M-2_V-0_0350713558335_mu_Dirac_Moriond17_aug2018_miniAODv3-2016": {
    "eff": 18010.0, 
    "neg": 0.0, 
    "negfrac": 0.0, 
    "pos": 18010.0, 
    "sum": 18010.0, 
    "weighted": 18010.0
  }, 
  "HeavyNeutrino_lljj_M-3_V-0_00443846820423_mu_Dirac_Moriond17_aug2018_miniAODv3-2016": {
    "eff": 108974.0, 
    "neg": 13.0, 
    "negfrac": 0.00011926605504587155, 
    "pos": 108987.0, 
    "sum": 109000.0, 
    "weighted": 108974.0
  }, 
  "HeavyNeutrino_lljj_M-3_V-0_0140356688476_mu_Dirac_Moriond17_aug2018_miniAODv3-2016": {
    "eff": 127968.0, 
    "neg": 16.0, 
    "negfrac": 0.000125, 
    "pos": 127984.0, 
    "sum": 128000.0, 
    "weighted": 127968.0
  }, 
  "HeavyNeutrino_lljj_M-3_V-0_01_mu_Dirac_Moriond17_aug2018_miniAODv3-2016": {
    "eff": 45008.0, 
    "neg": 1.0, 
    "negfrac": 2.2217285047767163e-05, 
    "pos": 45009.0, 
    "sum": 45010.0, 
    "weighted": 45008.0
  }, 
  "HeavyNeutrino_lljj_M-4_V-0_00183575597507_mu_Dirac_Moriond17_aug2018_miniAODv3-2016": {
    "eff": 127980.0, 
    "neg": 10.0, 
    "negfrac": 7.8125e-05, 
    "pos": 127990.0, 
    "sum": 128000.0, 
    "weighted": 127980.0
  }, 
  "HeavyNeutrino_lljj_M-4_V-0_00354964786986_mu_Dirac_Moriond17_aug2018_miniAODv3-2016": {
    "eff": 148972.0, 
    "neg": 14.0, 
    "negfrac": 9.395973154362417e-05, 
    "pos": 148986.0, 
    "sum": 149000.0, 
    "weighted": 148972.0
  }, 
  "HeavyNeutrino_lljj_M-4_V-0_00411096095822_mu_Dirac_Moriond17_aug2018_miniAODv3-2016": {
    "eff": 36004.0, 
    "neg": 3.0, 
    "negfrac": 8.33101916134407e-05, 
    "pos": 36007.0, 
    "sum": 36010.0, 
    "weighted": 36004.0
  }, 
  "HeavyNeutrino_lljj_M-4_V-0_00707106781187_mu_Dirac_Moriond17_aug2018_miniAODv3-2016": {
    "eff": 59984.0, 
    "neg": 8.0, 
    "negfrac": 0.00013333333333333334, 
    "pos": 59992.0, 
    "sum": 60000.0, 
    "weighted": 59984.0
  }, 
  "HeavyNeutrino_lljj_M-4_V-0_0101980390272_mu_Dirac_Moriond17_aug2018_miniAODv3-2016": {
    "eff": 104982.0, 
    "neg": 9.0, 
    "negfrac": 8.571428571428571e-05, 
    "pos": 104991.0, 
    "sum": 105000.0, 
    "weighted": 104982.0
  }, 
  "HeavyNeutrino_lljj_M-4_V-0_0141421356237_mu_Dirac_Moriond17_aug2018_miniAODv3-2016": {
    "eff": 99974.0, 
    "neg": 13.0, 
    "negfrac": 0.00013, 
    "pos": 99987.0, 
    "sum": 100000.0, 
    "weighted": 99974.0
  }, 
  "HeavyNeutrino_lljj_M-4_V-0_01_mu_Dirac_Moriond17_aug2018_miniAODv3-2016": {
    "eff": 98974.0, 
    "neg": 13.0, 
    "negfrac": 0.0001313131313131313, 
    "pos": 98987.0, 
    "sum": 99000.0, 
    "weighted": 98974.0
  },